{"files":{"modernizr-901b6a698e90ddefc55456ded1890a6a.js":{"logical_path":"modernizr.js","mtime":"2013-08-04T17:02:57-04:00","size":50145,"digest":"901b6a698e90ddefc55456ded1890a6a"},"jquery-ui/animated-overlay-9a4683da631ff0931e6b79fe1e3b0f62.gif":{"logical_path":"jquery-ui/animated-overlay.gif","mtime":"2013-09-23T13:35:33-04:00","size":1738,"digest":"9a4683da631ff0931e6b79fe1e3b0f62"},"jquery-ui/ui-bg_flat_0_aaaaaa_40x100-2caf1906ef29c8b0a0231bab3378af15.png":{"logical_path":"jquery-ui/ui-bg_flat_0_aaaaaa_40x100.png","mtime":"2013-09-23T13:35:33-04:00","size":180,"digest":"2caf1906ef29c8b0a0231bab3378af15"},"jquery-ui/ui-bg_flat_75_ffffff_40x100-d0d2c550e34708246dbba1f9f3159a05.png":{"logical_path":"jquery-ui/ui-bg_flat_75_ffffff_40x100.png","mtime":"2013-09-23T13:35:33-04:00","size":178,"digest":"d0d2c550e34708246dbba1f9f3159a05"},"jquery-ui/ui-bg_glass_55_fbf9ee_1x400-d95a178c13be166f92d0fddd88db5c3e.png":{"logical_path":"jquery-ui/ui-bg_glass_55_fbf9ee_1x400.png","mtime":"2013-09-23T13:35:33-04:00","size":120,"digest":"d95a178c13be166f92d0fddd88db5c3e"},"jquery-ui/ui-bg_glass_65_ffffff_1x400-6ecb6ac2eae0121dc49bf072fd85d856.png":{"logical_path":"jquery-ui/ui-bg_glass_65_ffffff_1x400.png","mtime":"2013-09-23T13:35:33-04:00","size":105,"digest":"6ecb6ac2eae0121dc49bf072fd85d856"},"jquery-ui/ui-bg_glass_75_dadada_1x400-38d0d320907a653310f2d313ba6d9517.png":{"logical_path":"jquery-ui/ui-bg_glass_75_dadada_1x400.png","mtime":"2013-09-23T13:35:33-04:00","size":111,"digest":"38d0d320907a653310f2d313ba6d9517"},"jquery-ui/ui-bg_glass_75_e6e6e6_1x400-4ce93dd83037898f449c88a3f17e00bf.png":{"logical_path":"jquery-ui/ui-bg_glass_75_e6e6e6_1x400.png","mtime":"2013-09-23T13:35:33-04:00","size":110,"digest":"4ce93dd83037898f449c88a3f17e00bf"},"jquery-ui/ui-bg_glass_95_fef1ec_1x400-1f18353efdd3c901f5ddca1878c91fdd.png":{"logical_path":"jquery-ui/ui-bg_glass_95_fef1ec_1x400.png","mtime":"2013-09-23T13:35:33-04:00","size":119,"digest":"1f18353efdd3c901f5ddca1878c91fdd"},"jquery-ui/ui-bg_highlight-soft_75_cccccc_1x100-c934ac5defcc98eed5b8adb52cf4426d.png":{"logical_path":"jquery-ui/ui-bg_highlight-soft_75_cccccc_1x100.png","mtime":"2013-09-23T13:35:33-04:00","size":101,"digest":"c934ac5defcc98eed5b8adb52cf4426d"},"jquery-ui/ui-icons_222222_256x240-1a69acf2f1f4e05b77624051d7efa3c7.png":{"logical_path":"jquery-ui/ui-icons_222222_256x240.png","mtime":"2013-09-23T13:35:33-04:00","size":4369,"digest":"1a69acf2f1f4e05b77624051d7efa3c7"},"jquery-ui/ui-icons_2e83ff_256x240-fb696ff371365fefead5c91e34c5c7a2.png":{"logical_path":"jquery-ui/ui-icons_2e83ff_256x240.png","mtime":"2013-09-23T13:35:33-04:00","size":4369,"digest":"fb696ff371365fefead5c91e34c5c7a2"},"jquery-ui/ui-icons_454545_256x240-03e9ed8d9e9bd4267ee7c351a3d490ef.png":{"logical_path":"jquery-ui/ui-icons_454545_256x240.png","mtime":"2013-09-23T13:35:33-04:00","size":4369,"digest":"03e9ed8d9e9bd4267ee7c351a3d490ef"},"jquery-ui/ui-icons_888888_256x240-428cc3b69b8ea50c9524dff27ae83baa.png":{"logical_path":"jquery-ui/ui-icons_888888_256x240.png","mtime":"2013-09-23T13:35:33-04:00","size":4369,"digest":"428cc3b69b8ea50c9524dff27ae83baa"},"jquery-ui/ui-icons_cd0a0a_256x240-8aa975adfe1f2d53cdbbb8f5d4013337.png":{"logical_path":"jquery-ui/ui-icons_cd0a0a_256x240.png","mtime":"2013-09-23T13:35:33-04:00","size":4369,"digest":"8aa975adfe1f2d53cdbbb8f5d4013337"}},"assets":{"modernizr.js":"modernizr-901b6a698e90ddefc55456ded1890a6a.js","jquery-ui/animated-overlay.gif":"jquery-ui/animated-overlay-9a4683da631ff0931e6b79fe1e3b0f62.gif","jquery-ui/ui-bg_flat_0_aaaaaa_40x100.png":"jquery-ui/ui-bg_flat_0_aaaaaa_40x100-2caf1906ef29c8b0a0231bab3378af15.png","jquery-ui/ui-bg_flat_75_ffffff_40x100.png":"jquery-ui/ui-bg_flat_75_ffffff_40x100-d0d2c550e34708246dbba1f9f3159a05.png","jquery-ui/ui-bg_glass_55_fbf9ee_1x400.png":"jquery-ui/ui-bg_glass_55_fbf9ee_1x400-d95a178c13be166f92d0fddd88db5c3e.png","jquery-ui/ui-bg_glass_65_ffffff_1x400.png":"jquery-ui/ui-bg_glass_65_ffffff_1x400-6ecb6ac2eae0121dc49bf072fd85d856.png","jquery-ui/ui-bg_glass_75_dadada_1x400.png":"jquery-ui/ui-bg_glass_75_dadada_1x400-38d0d320907a653310f2d313ba6d9517.png","jquery-ui/ui-bg_glass_75_e6e6e6_1x400.png":"jquery-ui/ui-bg_glass_75_e6e6e6_1x400-4ce93dd83037898f449c88a3f17e00bf.png","jquery-ui/ui-bg_glass_95_fef1ec_1x400.png":"jquery-ui/ui-bg_glass_95_fef1ec_1x400-1f18353efdd3c901f5ddca1878c91fdd.png","jquery-ui/ui-bg_highlight-soft_75_cccccc_1x100.png":"jquery-ui/ui-bg_highlight-soft_75_cccccc_1x100-c934ac5defcc98eed5b8adb52cf4426d.png","jquery-ui/ui-icons_222222_256x240.png":"jquery-ui/ui-icons_222222_256x240-1a69acf2f1f4e05b77624051d7efa3c7.png","jquery-ui/ui-icons_2e83ff_256x240.png":"jquery-ui/ui-icons_2e83ff_256x240-fb696ff371365fefead5c91e34c5c7a2.png","jquery-ui/ui-icons_454545_256x240.png":"jquery-ui/ui-icons_454545_256x240-03e9ed8d9e9bd4267ee7c351a3d490ef.png","jquery-ui/ui-icons_888888_256x240.png":"jquery-ui/ui-icons_888888_256x240-428cc3b69b8ea50c9524dff27ae83baa.png","jquery-ui/ui-icons_cd0a0a_256x240.png":"jquery-ui/ui-icons_cd0a0a_256x240-8aa975adfe1f2d53cdbbb8f5d4013337.png"}}